,First,2nd,3rd,4th
0,-0.7228760000000001,-1.330682,1.309208,0.23237800000000003
1,1.160396,-0.730879,0.6773680000000001,1.044722
2,-1.06287,-0.503704,-0.23853600000000003,-1.417937
3,0.43707799999999997,0.36264,-0.111228,-1.6498529999999998
